{"mean_agents_r": -108.19999999999999, "_timestamp": 1699408939.1152956, "_runtime": 459.85191464424133, "_step": 5}