{"mean_agents_r": -108.19999999999999, "_timestamp": 1699409283.7003157, "_runtime": 804.436934709549, "_step": 9}