{"mean_agents_r": -108.19999999999999, "_timestamp": 1699408383.5786586, "_runtime": 17.198715686798096, "_step": 0, "_wandb": {"runtime": 88}}