{"mean_agents_r": -108.19999999999999, "_timestamp": 1699408114.6978533, "_runtime": 374.81965827941895, "_step": 4, "_wandb": {"runtime": 406}}