{"mean_agents_r": -108.19999999999999, "_timestamp": 1699408297.4521077, "_runtime": 29.697288751602173, "_step": 0, "_wandb": {"runtime": 88}}